language,primary contributor,filename,blank,comment,code,"http://cloc.sourceforge.net v 1.64  T=0.12 s (256.6 files/s, 66584.0 lines/s)"
C++,junsu.jang,monster.cpp,94,22,796,
C++,junsu.jang,IngameObjectManager.cpp,70,20,718,
C++,junsu.jang,game_header.cpp,44,13,490,
C++,daehyeon.kim,GameDataManager.cpp,10,6,490,
C++,junsu.jang,1_1_ingame_screen.cpp,64,16,489,
C++,daehyeon.kim,1_0_2_quest.cpp,16,23,424,
C++,daehyeon.kim,1_0_main_scene.cpp,11,10,368,
C++,daehyeon.kim,1_0_6_stat.cpp,14,7,311,
C++,daehyeon.kim,1_0_4_chamber.cpp,15,6,255,
C++,junsu.jang,Ingame_tutorial.cpp,26,6,242,
C++,daehyeon.kim,1_0_5_inventory.cpp,16,14,229,
C++,junsu.jang,tile.cpp,25,7,207,
C++,junsu.jang,1_2_endgame_screen.cpp,36,14,197,
C++,daehyeon.kim,1_0_3_forge.cpp,8,13,196,
C++,daehyeon.kim,MagicEffect.cpp,13,6,183,
C++,junsu.jang,MonsterSpawn.cpp,7,6,178,
C++,daehyeon.kim,AttackEffect.cpp,12,6,178,
C++,daehyeon.kim,Arts.cpp,15,47,170,
C++,junsu.jang,ingameshop.cpp,20,13,153,
C++,daehyeon.kim,main.cpp,33,12,145,
C++,junsu.jang,token.cpp,8,9,126,
C++,daehyeon.kim,UI.cpp,20,11,103,
C++,daehyeon.kim,0_1_play_scene.cpp,6,8,94,
C++,junsu.jang,dice.cpp,9,9,64,
C++,daehyeon.kim,scene_manager.cpp,11,6,60,
C++,daehyeon.kim,Ingame_magic.cpp,9,6,55,
C++,junsu.jang,3_1_ending_scene.cpp,5,7,54,
C++,taeju.kwon,2_setting_scene.cpp,2,6,33,
C++,daehyeon.kim,3_credit_scene.cpp,2,6,22,
C++,daehyeon.kim,WinMain.cpp,5,6,20,
C++,daehyeon.kim,0_0_splash.cpp,4,6,18,
